{"cameraMode":{"drawMode":0,"name":"Shaded","section":"Shading Mode"},"sceneLighting":true,"audioPlay":false,"sceneViewState":{"m_AlwaysRefresh":false,"showFog":true,"showSkybox":true,"showFlares":true,"showImageEffects":true,"showParticleSystems":true,"showVisualEffectGraphs":true,"m_FxEnabled":true},"in2DMode":false,"pivot":{"x":-1.9209277629852296,"y":1.2260398864746094,"z":1.157390832901001},"rotation":{"x":-0.09559429436922074,"y":-0.8618534803390503,"z":0.17694984376430512,"w":-0.4655928909778595},"size":0.5887405872344971,"orthographic":false}